{
  "static": {
    "revenue": 108619.18741561647,
    "avg_price": 1.5,
    "avg_occ": 0.5780075958685423,
    "rejection": -2.134750892443127
  },
  "dynamic": {
    "revenue": 143819.695553556,
    "avg_price": 1.8209260670977678,
    "avg_occ": 0.579333954868104,
    "rejection": 2.3925809925121055
  }
}