{
  "static": {
    "revenue": 109097.00005146684,
    "avg_price": 1.5,
    "avg_occ": 0.5805502344160645,
    "rejection": -2.341061000083644
  },
  "dynamic": {
    "revenue": 210498.51964689614,
    "avg_price": 2.113918536498955,
    "avg_occ": 0.6073886546976119,
    "rejection": 21.130700812470828
  }
}