{
  "MAE": 8.313194444444445,
  "RMSE": 11.23813415184915,
  "MAPE": 58.980278939606656
}